﻿{"cameraMode":{"drawMode":0,"name":"Shaded","section":"Shading Mode"},"sceneLighting":false,"audioPlay":false,"sceneViewState":{"showFog":true,"showMaterialUpdate":false,"showSkybox":false,"showFlares":true,"showImageEffects":true,"showParticleSystems":true},"in2DMode":false,"pivot":{"x":0.03759765625,"y":-0.0369875431060791,"z":0.11066436767578125},"rotation":{"x":-0.194629967212677,"y":-0.5770457983016968,"z":0.14396221935749055,"w":-0.7800853252410889},"size":1.7172198295593262,"orthographic":true}