﻿{"cameraMode":{"drawMode":0,"name":"Shaded","section":"Shading Mode"},"sceneLighting":true,"audioPlay":false,"sceneViewState":{"showFog":true,"showMaterialUpdate":false,"showSkybox":true,"showFlares":true,"showImageEffects":true,"showParticleSystems":true},"in2DMode":false,"pivot":{"x":-0.8547396659851074,"y":18.329397201538087,"z":-12.523547172546387},"rotation":{"x":0.36489492654800417,"y":-0.005386307369917631,"z":0.001887134276330471,"w":0.9311003684997559},"size":14.47794246673584,"orthographic":true}