﻿{"cameraMode":{"drawMode":0,"name":"Shaded","section":"Shading Mode"},"sceneLighting":false,"audioPlay":false,"sceneViewState":{"showFog":true,"showMaterialUpdate":false,"showSkybox":false,"showFlares":true,"showImageEffects":true,"showParticleSystems":true},"in2DMode":false,"pivot":{"x":-2.140000104904175,"y":0.5000083446502686,"z":5.300000190734863},"rotation":{"x":0.12050836533308029,"y":0.8790076375007629,"z":-0.3099450170993805,"w":0.34173470735549929},"size":1.188745379447937,"orthographic":true}